{"cameraMode":{"drawMode":0,"name":"Shaded","section":"Shading Mode"},"sceneLighting":true,"audioPlay":false,"sceneViewState":{"showFog":true,"showMaterialUpdate":false,"showSkybox":true,"showFlares":true,"showImageEffects":true,"showParticleSystems":true},"in2DMode":false,"pivot":{"x":-3.067111015319824,"y":74.13513946533203,"z":200.01751708984376},"rotation":{"x":-0.16771045327186585,"y":0.3852449059486389,"z":-0.07142086327075958,"w":-0.9046321511268616},"size":14.114502906799317,"orthographic":false}