{"cameraMode":{"drawMode":0,"name":"Shaded","section":"Shading Mode"},"sceneLighting":true,"audioPlay":false,"sceneViewState":{"showFog":true,"showMaterialUpdate":true,"showSkybox":true,"showFlares":true,"showImageEffects":true,"showParticleSystems":true},"in2DMode":false,"pivot":{"x":-5.595860481262207,"y":74.0768051147461,"z":121.8386001586914},"rotation":{"x":-0.08536672592163086,"y":0.689179539680481,"z":-0.0822359248995781,"w":-0.7148693203926086},"size":10.676673889160157,"orthographic":false}