{"cameraMode":{"drawMode":0,"name":"Shaded","section":"Shading Mode"},"sceneLighting":true,"audioPlay":false,"sceneViewState":{"showFog":true,"showMaterialUpdate":true,"showSkybox":true,"showFlares":true,"showImageEffects":true,"showParticleSystems":true},"in2DMode":false,"pivot":{"x":4.279411315917969,"y":86.4998779296875,"z":118.01253509521485},"rotation":{"x":-0.04967149719595909,"y":0.788493812084198,"z":-0.0642627701163292,"w":-0.6096838712692261},"size":47.59944152832031,"orthographic":false}