{"cameraMode":{"drawMode":0,"name":"Shaded","section":"Shading Mode"},"sceneLighting":false,"audioPlay":false,"sceneViewState":{"showFog":true,"showMaterialUpdate":true,"showSkybox":true,"showFlares":true,"showImageEffects":true,"showParticleSystems":true},"in2DMode":false,"pivot":{"x":-13.744552612304688,"y":52.15065383911133,"z":146.74343872070313},"rotation":{"x":-0.15910674631595612,"y":0.5616592168807983,"z":-0.11112944036722183,"w":-0.8043076992034912},"size":49.52571487426758,"orthographic":false}