{"cameraMode":{"drawMode":0,"name":"Shaded","section":"Shading Mode"},"sceneLighting":false,"audioPlay":false,"sceneViewState":{"showFog":true,"showMaterialUpdate":true,"showSkybox":true,"showFlares":true,"showImageEffects":true,"showParticleSystems":true},"in2DMode":false,"pivot":{"x":-2.989696502685547,"y":69.23365020751953,"z":117.90434265136719},"rotation":{"x":0.006201310083270073,"y":-0.7248785495758057,"z":0.006521743722259998,"w":0.6888216137886047},"size":6.313879013061523,"orthographic":false}