{"cameraMode":{"drawMode":0,"name":"Shaded","section":"Shading Mode"},"sceneLighting":false,"audioPlay":false,"sceneViewState":{"showFog":true,"showMaterialUpdate":true,"showSkybox":false,"showFlares":true,"showImageEffects":true,"showParticleSystems":true},"in2DMode":false,"pivot":{"x":-8.672870635986329,"y":69.38207244873047,"z":145.83180236816407},"rotation":{"x":0.1012175977230072,"y":-0.7544918656349182,"z":0.11982108652591706,"w":0.6373030543327332},"size":8.818696022033692,"orthographic":false}