{"cameraMode":{"drawMode":0,"name":"Shaded","section":"Shading Mode"},"sceneLighting":false,"audioPlay":false,"sceneViewState":{"showFog":true,"showMaterialUpdate":true,"showSkybox":true,"showFlares":true,"showImageEffects":true,"showParticleSystems":true},"in2DMode":false,"pivot":{"x":-28.701854705810548,"y":54.13865661621094,"z":178.17755126953126},"rotation":{"x":0.19661003351211549,"y":-0.5595505833625794,"z":0.1387215405702591,"w":0.7931371927261353},"size":44.85740661621094,"orthographic":false}