{"cameraMode":{"drawMode":0,"name":"Shaded","section":"Shading Mode"},"sceneLighting":false,"audioPlay":false,"sceneViewState":{"showFog":true,"showMaterialUpdate":true,"showSkybox":false,"showFlares":true,"showImageEffects":true,"showParticleSystems":true},"in2DMode":false,"pivot":{"x":-0.00030750036239624023,"y":72.23175048828125,"z":91.14863586425781},"rotation":{"x":-0.026308344677090646,"y":-0.7119017243385315,"z":-0.026712071150541307,"w":0.701301634311676},"size":3.1522393226623537,"orthographic":false}