{"cameraMode":{"drawMode":0,"name":"Shaded","section":"Shading Mode"},"sceneLighting":false,"audioPlay":false,"sceneViewState":{"showFog":true,"showMaterialUpdate":true,"showSkybox":false,"showFlares":true,"showImageEffects":true,"showParticleSystems":true},"in2DMode":false,"pivot":{"x":288.65679931640627,"y":0.22232043743133546,"z":10.454389572143555},"rotation":{"x":-0.034005146473646167,"y":0.9537129998207092,"z":-0.1182052344083786,"w":-0.27445128560066225},"size":9.43472957611084,"orthographic":false}