{"cameraMode":{"drawMode":0,"name":"Shaded","section":"Shading Mode"},"sceneLighting":false,"audioPlay":false,"sceneViewState":{"showFog":true,"showMaterialUpdate":true,"showSkybox":true,"showFlares":true,"showImageEffects":true,"showParticleSystems":true},"in2DMode":false,"pivot":{"x":-5.870316505432129,"y":73.85530853271485,"z":132.83975219726563},"rotation":{"x":0.09062386304140091,"y":-0.7115575671195984,"z":0.09339157491922379,"w":0.6905173659324646},"size":10.335675239562989,"orthographic":false}