{"cameraMode":{"drawMode":0,"name":"Shaded","section":"Shading Mode"},"sceneLighting":false,"audioPlay":false,"sceneViewState":{"showFog":true,"showMaterialUpdate":true,"showSkybox":true,"showFlares":true,"showImageEffects":true,"showParticleSystems":true},"in2DMode":false,"pivot":{"x":-1.240946888923645,"y":74.22775268554688,"z":188.5721435546875},"rotation":{"x":0.09062386304140091,"y":-0.7115575671195984,"z":0.09339157491922379,"w":0.6905173659324646},"size":7.316107749938965,"orthographic":false}