{"cameraMode":{"drawMode":0,"name":"Shaded","section":"Shading Mode"},"sceneLighting":false,"audioPlay":false,"sceneViewState":{"showFog":true,"showMaterialUpdate":true,"showSkybox":true,"showFlares":true,"showImageEffects":true,"showParticleSystems":true},"in2DMode":false,"pivot":{"x":-2.7812204360961916,"y":79.83322143554688,"z":189.98614501953126},"rotation":{"x":0.09062386304140091,"y":-0.7115575671195984,"z":0.09339157491922379,"w":0.6905173659324646},"size":12.407252311706543,"orthographic":false}