{"cameraMode":{"drawMode":0,"name":"Shaded","section":"Shading Mode"},"sceneLighting":true,"audioPlay":false,"sceneViewState":{"showFog":true,"showMaterialUpdate":true,"showSkybox":true,"showFlares":true,"showImageEffects":true,"showParticleSystems":true},"in2DMode":false,"pivot":{"x":-6.268219947814941,"y":66.60315704345703,"z":160.7261962890625},"rotation":{"x":-0.025125518441200258,"y":0.6925687789916992,"z":-0.02408314310014248,"w":-0.7205506563186646},"size":11.056753158569336,"orthographic":false}