{"cameraMode":{"drawMode":0,"name":"Shaded","section":"Shading Mode"},"sceneLighting":false,"audioPlay":false,"sceneViewState":{"showFog":true,"showMaterialUpdate":true,"showSkybox":false,"showFlares":true,"showImageEffects":true,"showParticleSystems":true},"in2DMode":false,"pivot":{"x":-1.9357972145080567,"y":90.57080078125,"z":122.89920043945313},"rotation":{"x":0.10007065534591675,"y":-0.5113881230354309,"z":0.06010458245873451,"w":0.8513885736465454},"size":2.4722166061401369,"orthographic":false}