{"cameraMode":{"drawMode":0,"name":"Shaded","section":"Shading Mode"},"sceneLighting":true,"audioPlay":false,"sceneViewState":{"showFog":true,"showMaterialUpdate":true,"showSkybox":true,"showFlares":true,"showImageEffects":true,"showParticleSystems":true},"in2DMode":false,"pivot":{"x":15.377153396606446,"y":52.06499099731445,"z":172.5049591064453},"rotation":{"x":-0.12288690358400345,"y":0.6411184668540955,"z":-0.10494893789291382,"w":-0.7502754330635071},"size":16.845748901367189,"orthographic":false}