{"cameraMode":{"drawMode":0,"name":"Shaded","section":"Shading Mode"},"sceneLighting":false,"audioPlay":false,"sceneViewState":{"showFog":true,"showMaterialUpdate":true,"showSkybox":true,"showFlares":true,"showImageEffects":true,"showParticleSystems":true},"in2DMode":false,"pivot":{"x":-0.5858793258666992,"y":54.705543518066409,"z":154.8815460205078},"rotation":{"x":0.12086798250675202,"y":-0.6812925934791565,"z":0.115544393658638,"w":0.7126615047454834},"size":13.379328727722168,"orthographic":false}